Fecha,Red de distribución de anuncios,Tipo de concordancia de la consulta,Impresiones,Clics de AdX,Coste,CPM,CPC,CTR,Coste por transacción,Coste por conversión de objetivo,Coste por conversión,RPC,Retorno de la inversión en publicidad (ROAS),day
2020-01-30,Google Search,Phrase match,6,0,4113.0,685500.0,822.6,0.8333333333333334,0.0,0.0,0.0,0.0,0.0,Wednesday
2020-01-30,Google Search,Exact match,4,0,5208.0,1302000.0,1736.0,0.75,0.0,0.0,0.0,0.0,0.0,Wednesday
2020-01-31,Google Search,Exact match,6,0,2328.0,388000.0,1164.0,0.3333333333333333,0.0,291.0,291.0,0.0,0.0,Thursday
2020-01-31,Google Search,Phrase match,9,0,20570.0,2285555.5555555555,2938.571428571429,0.7777777777777778,0.0,6856.666666666668,6856.666666666668,0.0,0.0,Thursday
2020-01-01,Google Search,Phrase match,9,0,12090.0,1343333.3333333335,2015.0,0.6666666666666666,0.0,0.0,0.0,0.0,0.0,Tuesday
2020-01-01,Google Search,Exact match,7,0,1435.0,205000.0,478.33333333333326,0.42857142857142855,0.0,287.0,287.0,0.0,0.0,Tuesday
2020-01-02,Google Search,Exact match,13,0,7520.0,578461.5384615385,835.5555555555555,0.6923076923076923,0.0,0.0,0.0,0.0,0.0,Wednesday
2020-01-02,Search partners,Phrase match,1,0,1040.0,1040000.0,1040.0,1.0,0.0,0.0,0.0,0.0,0.0,Wednesday
2020-01-02,Google Search,Phrase match,9,0,16315.0,1812777.7777777773,3263.0,0.5555555555555556,0.0,5438.333333333333,5438.333333333333,0.0,0.0,Wednesday
2020-01-03,Google Search,Exact match,10,0,2122.0,212200.0,1061.0,0.2,0.0,265.25,265.25,0.0,0.0,Thursday
2020-01-03,Google Search,Phrase match,17,0,104234.0,6131411.7647058815,9475.818181818182,0.6470588235294118,0.0,0.0,0.0,0.0,0.0,Thursday
2020-01-04,Google Search,Exact match,18,0,27696.0,1538666.666666667,2769.6,0.5555555555555556,0.0,0.0,0.0,0.0,0.0,Friday
2020-01-04,Google Search,Phrase match,17,0,45206.0,2659176.4705882347,4109.636363636363,0.6470588235294118,0.0,15068.666666666664,15068.666666666664,0.0,0.0,Friday
2020-01-05,Google Search,Exact match,11,0,3019.0,274454.5454545455,1006.3333333333336,0.2727272727272727,0.0,0.0,0.0,0.0,0.0,Saturday
2020-01-05,Google Search,Phrase match,8,0,17430.0,2178750.0,2905.0,0.75,0.0,0.0,0.0,0.0,0.0,Saturday
2020-01-06,Google Search,Phrase match,20,0,36106.0,1805300.0,2777.384615384615,0.65,0.0,12035.333333333336,12035.333333333336,0.0,0.0,Sunday
2020-01-06,Google Search,Exact match,19,0,3562.0,187473.68421052632,1187.3333333333333,0.15789473684210525,0.0,0.0,0.0,0.0,0.0,Sunday
2020-01-07,Google Search,Phrase match,8,0,41469.0,5183625.0,5924.142857142858,0.875,0.0,0.0,0.0,0.0,0.0,Monday
2020-01-07,Google Search,Exact match,14,0,4942.0,353000.0,4942.0,0.07142857142857142,0.0,449.27272727272725,449.27272727272725,0.0,0.0,Monday
2020-01-08,Google Search,Phrase match,27,0,18896.0,699851.8518518518,2099.555555555556,0.3333333333333333,0.0,0.0,0.0,0.0,0.0,Tuesday
2020-01-08,Google Search,Exact match,14,0,710.0,50714.28571428571,236.66666666666663,0.21428571428571427,0.0,64.54545454545455,64.54545454545455,0.0,0.0,Tuesday
2020-01-09,Google Search,Exact match,15,0,3382.0,225466.66666666672,3382.0,0.06666666666666668,0.0,0.0,0.0,0.0,0.0,Wednesday
2020-01-09,Google Search,Phrase match,26,0,58570.0,2252692.3076923075,4183.571428571428,0.5384615384615384,0.0,0.0,0.0,0.0,0.0,Wednesday
2020-01-10,Google Search,Exact match,13,0,6760.0,520000.0,1352.0,0.38461538461538464,0.0,2253.333333333333,2253.333333333333,0.0,0.0,Thursday
2020-01-10,Google Search,Phrase match,20,0,16555.0,827750.0,2069.375,0.4,0.0,0.0,0.0,0.0,0.0,Thursday
2020-01-11,Google Search,Phrase match,33,0,20032.0,607030.303030303,1430.857142857143,0.42424242424242425,0.0,0.0,0.0,0.0,0.0,Friday
2020-01-11,Google Search,Exact match,14,0,857.0,61214.28571428571,428.5,0.14285714285714285,0.0,171.4,171.4,0.0,0.0,Friday
2020-01-12,Google Search,Phrase match,20,0,23219.0,1160950.0,2902.375,0.4,0.0,0.0,0.0,0.0,0.0,Saturday
2020-01-12,Google Search,Exact match,18,0,6318.0,351000.0,789.75,0.4444444444444444,0.0,574.3636363636364,574.3636363636364,0.0,0.0,Saturday
2020-01-13,Google Search,Exact match,22,0,3362.0,152818.18181818182,420.25,0.3636363636363637,0.0,0.0,0.0,0.0,0.0,Sunday
2020-01-13,Google Search,Phrase match,17,0,15746.0,926235.294117647,2249.4285714285706,0.4117647058823529,0.0,0.0,0.0,0.0,0.0,Sunday
2020-01-14,Google Search,Exact match,25,0,4574.0,182960.0,914.8,0.2,0.0,0.0,0.0,0.0,0.0,Monday
2020-01-14,Google Search,Phrase match,25,0,29878.0,1195120.0,2987.8,0.4,0.0,0.0,0.0,0.0,0.0,Monday
2020-01-14,Search partners,Phrase match,4,0,191.0,47750.0,191.0,0.25,0.0,0.0,0.0,0.0,0.0,Monday
2020-01-15,Google Search,Phrase match,24,0,19593.0,816375.0,1507.1538461538462,0.5416666666666666,0.0,0.0,0.0,0.0,0.0,Tuesday
2020-01-15,Google Search,Exact match,23,0,4683.0,203608.69565217392,936.6,0.21739130434782608,0.0,1561.0,1561.0,0.0,0.0,Tuesday
2020-01-16,Google Search,Phrase match,19,0,6438.0,338842.10526315786,715.3333333333335,0.4736842105263158,0.0,0.0,0.0,0.0,0.0,Wednesday
2020-01-16,Google Search,Exact match,19,0,17743.0,933842.105263158,2217.875,0.42105263157894735,0.0,0.0,0.0,0.0,0.0,Wednesday
2020-01-16,Search partners,Phrase match,2,0,589.0,294500.0,589.0,0.5,0.0,0.0,0.0,0.0,0.0,Wednesday
2020-01-17,Google Search,Phrase match,17,0,34701.0,2041235.294117647,3855.666666666666,0.5294117647058824,0.0,0.0,0.0,0.0,0.0,Thursday
2020-01-17,Google Search,Exact match,21,0,2855.0,135952.38095238095,713.75,0.19047619047619047,0.0,951.6666666666664,951.6666666666664,0.0,0.0,Thursday
2020-01-18,Google Search,Phrase match,22,0,26662.0,1211909.0909090908,2050.9230769230767,0.5909090909090909,0.0,0.0,0.0,0.0,0.0,Friday
2020-01-18,Search partners,Phrase match,3,0,715.0,238333.33333333328,238.3333333333333,1.0,0.0,0.0,0.0,0.0,0.0,Friday
2020-01-18,Google Search,Exact match,16,0,395.0,24687.5,197.5,0.125,0.0,79.0,79.0,0.0,0.0,Friday
2020-01-19,Google Search,Phrase match,23,0,11397.0,495521.73913043475,1899.5,0.2608695652173913,0.0,0.0,0.0,0.0,0.0,Saturday
2020-01-19,Google Search,Exact match,13,0,4655.0,358076.9230769231,931.0,0.38461538461538464,0.0,931.0,931.0,0.0,0.0,Saturday
2020-01-20,Google Search,Phrase match,25,0,47307.0,1892280.0,3379.071428571429,0.56,0.0,0.0,0.0,0.0,0.0,Sunday
2020-01-20,Google Search,Exact match,10,0,1326.0,132600.0,442.0,0.3,0.0,442.0,442.0,0.0,0.0,Sunday
2020-01-21,Search partners,Phrase match,5,0,521.0,104200.0,521.0,0.2,0.0,0.0,0.0,0.0,0.0,Monday
2020-01-21,Google Search,Exact match,27,0,8745.0,323888.88888888893,1249.2857142857147,0.25925925925925924,0.0,0.0,0.0,0.0,0.0,Monday
2020-01-21,Google Search,Phrase match,24,0,1795.0,74791.66666666669,448.75,0.16666666666666666,0.0,0.0,0.0,0.0,0.0,Monday
2020-01-22,Google Search,Phrase match,30,0,30294.0,1009800.0,1683.0,0.6,0.0,0.0,0.0,0.0,0.0,Tuesday
2020-01-22,Google Search,Exact match,16,0,2841.0,177562.5,568.2,0.3125,0.0,0.0,0.0,0.0,0.0,Tuesday
2020-01-23,Google Search,Exact match,25,0,19093.0,763720.0,1591.083333333333,0.48,0.0,6364.333333333332,6364.333333333332,0.0,0.0,Wednesday
2020-01-23,Google Search,Phrase match,29,0,16611.0,572793.1034482758,1384.25,0.4137931034482759,0.0,0.0,0.0,0.0,0.0,Wednesday
2020-01-24,Search partners,Phrase match,4,0,1457.0,364250.0,1457.0,0.25,0.0,0.0,0.0,0.0,0.0,Thursday
2020-01-24,Google Search,Exact match,22,0,8609.0,391318.1818181818,956.5555555555555,0.4090909090909091,0.0,0.0,0.0,0.0,0.0,Thursday
2020-01-24,Google Search,Phrase match,26,0,29364.0,1129384.6153846157,2258.769230769231,0.5,0.0,0.0,0.0,0.0,0.0,Thursday
2020-01-25,Google Search,Phrase match,24,0,11947.0,497791.66666666657,853.3571428571428,0.5833333333333334,0.0,0.0,0.0,0.0,0.0,Friday
2020-01-25,Google Search,Exact match,18,0,417.0,23166.66666666667,208.5,0.1111111111111111,0.0,0.0,0.0,0.0,0.0,Friday
2020-01-26,Google Search,Phrase match,20,0,20308.0,1015400.0,1846.1818181818185,0.55,0.0,0.0,0.0,0.0,0.0,Saturday
2020-01-26,Google Search,Exact match,16,0,16054.0,1003375.0,5351.333333333333,0.1875,0.0,5351.333333333333,5351.333333333333,0.0,0.0,Saturday
2020-01-26,Search partners,Phrase match,1,0,1612.0,1612000.0,1612.0,1.0,0.0,0.0,0.0,0.0,0.0,Saturday
2020-01-27,Google Search,Phrase match,13,0,32374.0,2490307.6923076925,4046.75,0.6153846153846154,0.0,0.0,0.0,0.0,0.0,Sunday
2020-01-27,Search partners,Phrase match,2,0,726.0,363000.0,726.0,0.5,0.0,0.0,0.0,0.0,0.0,Sunday
2020-01-27,Google Search,Exact match,16,0,4095.0,255937.5,819.0,0.3125,0.0,1365.0,1365.0,0.0,0.0,Sunday
2020-01-28,Google Search,Exact match,9,0,5232.0,581333.3333333335,1308.0,0.4444444444444444,0.0,0.0,0.0,0.0,0.0,Monday
2020-01-28,Google Search,Phrase match,4,0,1118.0,279500.0,559.0,0.5,0.0,0.0,0.0,0.0,0.0,Monday
2020-01-29,Google Search,Exact match,23,0,2087.0,90739.1304347826,417.4,0.21739130434782608,0.0,695.6666666666665,695.6666666666665,0.0,0.0,Tuesday
2020-01-29,Google Search,Phrase match,29,0,42093.0,1451482.7586206896,2215.4210526315787,0.6551724137931034,0.0,0.0,0.0,0.0,0.0,Tuesday
2020-01-01,Google Search,Phrase match,18,0,8712.0,484000.00000000006,1089.0,0.4444444444444444,0.0,0.0,0.0,0.0,0.0,Tuesday
2020-01-01,Google Search,Exact match,21,0,2499.0,119000.0,624.75,0.19047619047619047,0.0,0.0,0.0,0.0,0.0,Tuesday
2020-01-02,Google Search,Exact match,18,0,3340.0,185555.5555555556,668.0,0.2777777777777778,0.0,1113.3333333333333,1113.3333333333333,0.0,0.0,Wednesday
2020-01-02,Google Search,Phrase match,19,0,47078.0,2477789.4736842103,4279.818181818182,0.5789473684210527,0.0,0.0,0.0,0.0,0.0,Wednesday
2020-01-03,Google Search,Exact match,1,0,603.0,603000.0,603.0,1.0,0.0,0.0,0.0,0.0,0.0,Thursday
2020-01-06,Google Search,Phrase match,30,0,8210.0,273666.66666666674,315.76923076923083,0.8666666666666667,0.0,631.5384615384615,631.5384615384615,0.0,0.0,Sunday
2020-01-06,Search partners,Phrase match,13,0,826.0,63538.461538461524,413.0,0.15384615384615385,0.0,0.0,0.0,0.0,0.0,Sunday
2020-01-06,Google Search,Exact match,106,0,14510.0,136886.79245283018,230.31746031746042,0.5943396226415094,0.0,362.75,362.75,0.0,0.0,Sunday
2020-01-07,Google Search,Phrase match,167,0,68144.0,408047.9041916168,554.0162601626016,0.7365269461077845,0.0,2523.851851851852,2523.851851851852,0.0,0.0,Monday
2020-01-07,Search partners,Phrase match,30,0,661.0,22033.333333333336,165.25,0.13333333333333333,0.0,220.3333333333333,220.3333333333333,0.0,0.0,Monday
2020-01-07,Google Search,Exact match,481,0,104989.0,218272.34927234927,425.0566801619433,0.5135135135135135,0.0,673.0064102564102,673.0064102564102,0.0,0.0,Monday
2020-01-08,Google Search,Exact match,405,0,75065.0,185345.67901234567,373.4577114427861,0.4962962962962963,0.0,536.1785714285714,536.1785714285714,0.0,0.0,Tuesday
2020-01-08,Search partners,Phrase match,56,0,1065.0,19017.857142857145,266.25,0.07142857142857142,0.0,0.0,0.0,0.0,0.0,Tuesday
2020-01-08,Google Search,Phrase match,131,0,48157.0,367610.6870229007,541.0898876404493,0.6793893129770993,0.0,6019.625,6019.625,0.0,0.0,Tuesday
2020-01-09,Search partners,Exact match,10,0,597.0,59700.0,149.25,0.4,0.0,0.0,0.0,0.0,0.0,Wednesday
2020-01-09,Google Search,Phrase match,211,0,60081.0,284744.0758293839,473.0787401574803,0.6018957345971564,0.0,1306.108695652174,1306.108695652174,0.0,0.0,Wednesday
2020-01-09,Google Search,Exact match,595,0,64382.0,108205.04201680674,241.1310861423221,0.44873949579831934,0.0,337.0785340314136,337.0785340314136,0.0,0.0,Wednesday
2020-01-09,Search partners,Phrase match,71,0,3942.0,55521.12676056338,303.23076923076917,0.18309859154929573,0.0,303.23076923076917,303.23076923076917,0.0,0.0,Wednesday
2020-01-10,Google Search,Phrase match,202,0,63261.0,313173.2673267327,395.38125,0.7920792079207921,0.0,973.246153846154,973.246153846154,0.0,0.0,Thursday
2020-01-10,Google Search,Exact match,640,0,49086.0,76696.875,146.5253731343284,0.5234375,0.0,225.16513761467888,225.16513761467888,0.0,0.0,Thursday
2020-01-10,Search partners,Exact match,9,0,294.0,32666.66666666667,147.0,0.2222222222222222,0.0,0.0,0.0,0.0,0.0,Thursday
2020-01-10,Search partners,Phrase match,76,0,2847.0,37460.526315789466,406.71428571428567,0.09210526315789473,0.0,569.4,569.4,0.0,0.0,Thursday
2020-01-11,Google Search,Phrase match,180,0,63539.0,352994.44444444444,426.4362416107383,0.8277777777777777,0.0,814.6025641025641,814.6025641025641,0.0,0.0,Friday
2020-01-11,Search partners,Exact match,3,0,568.0,189333.33333333328,568.0,0.3333333333333333,0.0,0.0,0.0,0.0,0.0,Friday
2020-01-11,Search partners,Phrase match,78,0,5045.0,64679.48717948718,458.6363636363636,0.14102564102564102,0.0,458.6363636363636,458.6363636363636,0.0,0.0,Friday
2020-01-11,Google Search,Exact match,501,0,76022.0,151740.51896207585,330.53043478260867,0.4590818363273453,0.0,402.23280423280426,402.23280423280426,0.0,0.0,Friday
2020-01-12,Search partners,Phrase match,41,0,3307.0,80658.53658536584,413.375,0.1951219512195122,0.0,0.0,0.0,0.0,0.0,Saturday
2020-01-12,Google Search,Phrase match,164,0,57562.0,350987.8048780488,436.0757575757576,0.8048780487804879,0.0,1065.962962962963,1065.962962962963,0.0,0.0,Saturday
2020-01-12,Google Search,Exact match,479,0,46479.0,97033.40292275572,170.2527472527473,0.569937369519833,0.0,301.8116883116884,301.8116883116884,0.0,0.0,Saturday
2020-01-13,Search partners,Phrase match,80,0,6670.0,83375.0,667.0,0.125,0.0,513.0769230769231,513.0769230769231,0.0,0.0,Sunday
2020-01-13,Google Search,Exact match,488,0,38301.0,78485.65573770492,143.98872180451127,0.5450819672131147,0.0,200.52879581151836,200.52879581151836,0.0,0.0,Sunday
2020-01-13,Google Search,Phrase match,190,0,68789.0,362047.36842105264,477.70138888888886,0.7578947368421053,0.0,1433.104166666667,1433.104166666667,0.0,0.0,Sunday
2020-01-14,Search partners,Exact match,8,0,366.0,45750.0,366.0,0.125,0.0,73.2,73.2,0.0,0.0,Monday
2020-01-14,Search partners,Phrase match,55,0,2517.0,45763.63636363637,503.4,0.09090909090909093,0.0,503.4,503.4,0.0,0.0,Monday
2020-01-14,Google Search,Phrase match,211,0,62897.0,298090.0473933649,452.49640287769785,0.6587677725118484,0.0,1462.7209302325582,1462.7209302325582,0.0,0.0,Monday
2020-01-14,Google Search,Exact match,539,0,86710.0,160871.98515769944,336.08527131782944,0.4786641929499073,0.0,619.3571428571427,619.3571428571427,0.0,0.0,Monday
2020-01-27,Google Search,Phrase match,6,0,5980.0,996666.6666666664,854.2857142857142,1.1666666666666667,0.0,0.0,0.0,0.0,0.0,Sunday
2020-01-27,Google Search,Broad match,3,0,638.0,212666.66666666663,212.66666666666663,1.0,0.0,0.0,0.0,0.0,0.0,Sunday
2020-01-27,Google Search,Exact match,18,0,4399.0,244388.8888888889,366.58333333333326,0.6666666666666666,0.0,0.0,0.0,0.0,0.0,Sunday
2020-01-28,Search partners,Phrase match,19,0,5299.0,278894.73684210534,588.7777777777778,0.4736842105263158,0.0,0.0,0.0,0.0,0.0,Monday
2020-01-28,Google Search,Broad match,32,0,49207.0,1537718.75,1587.3225806451615,0.96875,0.0,4473.363636363636,4473.363636363636,0.0,0.0,Monday
2020-01-28,Google Search,Phrase match,227,0,418781.0,1844850.2202643168,2125.791878172589,0.8678414096916299,0.0,5368.98717948718,5368.98717948718,0.0,0.0,Monday
2020-01-28,Google Search,Exact match,323,0,257392.0,796879.2569659442,2474.923076923077,0.3219814241486068,0.0,6773.4736842105285,6773.4736842105285,0.0,0.0,Monday
2020-01-28,Search partners,Exact match,5,0,442.0,88400.0,221.0,0.4,0.0,0.0,0.0,0.0,0.0,Monday
2020-01-29,Search partners,Phrase match,33,0,7073.0,214333.33333333328,707.3,0.30303030303030304,0.0,1414.6,1414.6,0.0,0.0,Tuesday
2020-01-29,Google Search,Broad match,85,0,55811.0,656600.0,1094.3333333333333,0.6,0.0,1744.09375,1744.09375,0.0,0.0,Tuesday
2020-01-29,Search partners,Broad match,3,0,320.0,106666.66666666669,320.0,0.3333333333333333,0.0,0.0,0.0,0.0,0.0,Tuesday
2020-01-29,Google Search,Exact match,734,0,300389.0,409249.31880109,1173.39453125,0.34877384196185285,0.0,1687.5786516853934,1687.5786516853934,0.0,0.0,Tuesday
2020-01-29,Google Search,Phrase match,539,0,586405.0,1087949.9072356215,1413.0240963855426,0.7699443413729128,0.0,3807.8246753246754,3807.8246753246754,0.0,0.0,Tuesday
2020-01-30,Search partners,Exact match,11,0,1132.0,102909.09090909091,377.33333333333326,0.2727272727272727,0.0,0.0,0.0,0.0,0.0,Wednesday
2020-01-30,Google Search,Phrase match,744,0,575096.0,772978.4946236559,1000.1669565217392,0.7728494623655914,0.0,3343.5813953488373,3343.5813953488373,0.0,0.0,Wednesday
2020-01-30,Search partners,Phrase match,36,0,2550.0,70833.33333333334,510.0,0.1388888888888889,0.0,0.0,0.0,0.0,0.0,Wednesday
2020-01-30,Google Search,Exact match,784,0,238433.0,304123.7244897959,845.5070921985817,0.3596938775510204,0.0,1180.361386138614,1180.361386138614,0.0,0.0,Wednesday
2020-01-30,Google Search,Broad match,114,0,73554.0,645210.5263157893,980.72,0.6578947368421053,0.0,2298.5625,2298.5625,0.0,0.0,Wednesday
2020-01-31,Google Search,Phrase match,810,0,540892.0,667767.9012345679,937.421143847487,0.7123456790123457,0.0,2481.1559633027523,2481.1559633027523,0.0,0.0,Thursday
2020-01-31,Google Search,Broad match,151,0,71520.0,473642.38410596026,777.3913043478261,0.6092715231788081,0.0,1663.2558139534885,1663.2558139534885,0.0,0.0,Thursday
2020-01-31,Search partners,Phrase match,60,0,7369.0,122816.66666666669,669.9090909090909,0.18333333333333326,0.0,2456.333333333333,2456.333333333333,0.0,0.0,Thursday
2020-01-31,Google Search,Exact match,713,0,169377.0,237555.39971949512,651.45,0.3646563814866761,0.0,996.3352941176472,996.3352941176472,0.0,0.0,Thursday
2020-01-01,Google Search,Phrase match,138,0,131567.0,953384.0579710144,1879.5285714285715,0.5072463768115942,0.0,26313.4,26313.4,0.0,0.0,Tuesday
2020-01-01,Google Search,Broad match,8,0,13618.0,1702250.0,1702.25,1.0,0.0,2723.6,2723.6,0.0,0.0,Tuesday
2020-01-01,Google Search,Exact match,380,0,101739.0,267734.2105263158,1994.8823529411764,0.13421052631578947,0.0,0.0,0.0,0.0,0.0,Tuesday
2020-01-02,Google Search,Phrase match,131,0,137578.0,1050213.7404580154,2501.418181818182,0.4198473282442748,0.0,27515.6,27515.6,0.0,0.0,Wednesday
2020-01-02,Google Search,Exact match,372,0,148587.0,399427.41935483867,2606.7894736842104,0.1532258064516129,0.0,0.0,0.0,0.0,0.0,Wednesday
2020-01-02,Google Search,Broad match,12,0,14865.0,1238750.0,2123.5714285714284,0.5833333333333334,0.0,4955.0,4955.0,0.0,0.0,Wednesday
2020-01-03,Google Search,Broad match,4,0,1505.0,376250.0,752.5,0.5,0.0,501.66666666666674,501.66666666666674,0.0,0.0,Thursday
2020-01-03,Google Search,Phrase match,122,0,67492.0,553213.1147540985,1499.8222222222225,0.3688524590163935,0.0,22497.33333333333,22497.33333333333,0.0,0.0,Thursday
2020-01-03,Google Search,Exact match,315,0,121400.0,385396.8253968254,2207.2727272727275,0.1746031746031746,0.0,0.0,0.0,0.0,0.0,Thursday
2020-01-04,Search partners,Phrase match,13,0,1051.0,80846.15384615387,1051.0,0.07692307692307693,0.0,0.0,0.0,0.0,0.0,Friday
2020-01-04,Google Search,Exact match,320,0,126459.0,395184.375,2039.6612903225805,0.19375,0.0,0.0,0.0,0.0,0.0,Friday
2020-01-04,Google Search,Broad match,2,0,864.0,432000.0,864.0,0.5,0.0,0.0,0.0,0.0,0.0,Friday
2020-01-04,Google Search,Phrase match,116,0,72433.0,624422.4137931034,1724.5952380952388,0.3620689655172414,0.0,24144.33333333333,24144.33333333333,0.0,0.0,Friday
2020-01-05,Google Search,Phrase match,383,0,205606.0,536830.2872062663,2507.390243902439,0.21409921671018275,0.0,25700.75,25700.75,0.0,0.0,Saturday
2020-01-05,Search partners,Phrase match,18,0,207.0,11500.0,207.0,0.05555555555555555,0.0,0.0,0.0,0.0,0.0,Saturday
2020-01-05,Google Search,Broad match,5,0,3961.0,792200.0,792.2,1.0,0.0,0.0,0.0,0.0,0.0,Saturday
2020-01-05,Google Search,Exact match,348,0,181424.0,521333.33333333343,2485.260273972603,0.2097701149425288,0.0,0.0,0.0,0.0,0.0,Saturday
2020-01-06,Google Search,Exact match,371,0,94070.0,253557.9514824798,1493.1746031746036,0.16981132075471694,0.0,18814.0,18814.0,0.0,0.0,Sunday
2020-01-06,Google Search,Broad match,4,0,5370.0,1342500.0,1342.5,1.0,0.0,1790.0,1790.0,0.0,0.0,Sunday
2020-01-06,Search partners,Phrase match,22,0,5580.0,253636.36363636365,1116.0,0.2272727272727273,0.0,0.0,0.0,0.0,0.0,Sunday
2020-01-06,Google Search,Phrase match,139,0,57620.0,414532.3741007194,1440.5,0.28776978417266186,0.0,19206.666666666668,19206.666666666668,0.0,0.0,Sunday
2020-01-07,Google Search,Broad match,8,0,6035.0,754375.0,1207.0,0.625,0.0,0.0,0.0,0.0,0.0,Monday
2020-01-07,Google Search,Exact match,257,0,84609.0,329217.8988326848,1208.7,0.2723735408560311,0.0,0.0,0.0,0.0,0.0,Monday
2020-01-07,Google Search,Phrase match,114,0,49057.0,430324.56140350865,1140.860465116279,0.3771929824561404,0.0,16352.333333333336,16352.333333333336,0.0,0.0,Monday
2020-01-08,Google Search,Exact match,344,0,112898.0,328191.8604651164,1764.03125,0.18604651162790692,0.0,37632.66666666666,37632.66666666666,0.0,0.0,Tuesday
2020-01-08,Google Search,Broad match,6,0,1545.0,257500.0,1545.0,0.16666666666666666,0.0,0.0,0.0,0.0,0.0,Tuesday
2020-01-08,Google Search,Phrase match,155,0,94218.0,607858.064516129,1596.9152542372885,0.38064516129032255,0.0,31406.0,31406.0,0.0,0.0,Tuesday
2020-01-08,Search partners,Phrase match,18,0,63.0,3500.0000000000005,63.0,0.05555555555555555,0.0,0.0,0.0,0.0,0.0,Tuesday
2020-01-09,Google Search,Broad match,5,0,8484.0,1696800.0,2828.0,0.6,0.0,0.0,0.0,0.0,0.0,Wednesday
2020-01-09,Google Search,Exact match,290,0,84763.0,292286.20689655177,1324.421875,0.2206896551724138,0.0,0.0,0.0,0.0,0.0,Wednesday
2020-01-09,Google Search,Phrase match,355,0,116028.0,326839.43661971827,1365.0352941176473,0.23943661971830985,0.0,0.0,0.0,0.0,0.0,Wednesday
2020-01-10,Google Search,Exact match,253,0,54158.0,214063.24110671933,1203.5111111111114,0.17786561264822134,0.0,0.0,0.0,0.0,0.0,Thursday
2020-01-10,Google Search,Phrase match,127,0,37605.0,296102.3622047244,964.2307692307692,0.3070866141732284,0.0,12535.0,12535.0,0.0,0.0,Thursday
2020-01-10,Search partners,Phrase match,15,0,135.0,9000.0,135.0,0.06666666666666668,0.0,0.0,0.0,0.0,0.0,Thursday
2020-01-10,Google Search,Broad match,11,0,13584.0,1234909.0909090908,2716.8,0.4545454545454545,0.0,0.0,0.0,0.0,0.0,Thursday
2020-01-11,Google Search,Phrase match,116,0,42741.0,368456.89655172406,1017.6428571428572,0.3620689655172414,0.0,0.0,0.0,0.0,0.0,Friday
2020-01-11,Google Search,Exact match,252,0,44939.0,178329.36507936512,1182.6052631578948,0.1507936507936508,0.0,0.0,0.0,0.0,0.0,Friday
2020-01-11,Search partners,Phrase match,12,0,487.0,40583.333333333336,487.0,0.08333333333333333,0.0,0.0,0.0,0.0,0.0,Friday
2020-01-11,Google Search,Broad match,8,0,12171.0,1521375.0,2028.5,0.75,0.0,0.0,0.0,0.0,0.0,Friday
2020-01-12,Google Search,Exact match,270,0,48382.0,179192.59259259258,848.8070175438595,0.2111111111111111,0.0,0.0,0.0,0.0,0.0,Saturday
2020-01-12,Search partners,Exact match,5,0,184.0,36800.0,184.0,0.2,0.0,0.0,0.0,0.0,0.0,Saturday
2020-01-12,Search partners,Phrase match,12,0,148.0,12333.333333333336,148.0,0.08333333333333333,0.0,0.0,0.0,0.0,0.0,Saturday
2020-01-12,Google Search,Phrase match,107,0,61812.0,577682.2429906542,1545.3,0.37383177570093457,0.0,20604.0,20604.0,0.0,0.0,Saturday
2020-01-12,Google Search,Broad match,3,0,1214.0,404666.66666666674,1214.0,0.3333333333333333,0.0,0.0,0.0,0.0,0.0,Saturday
2020-01-13,Google Search,Exact match,279,0,66594.0,238688.17204301074,1091.7049180327867,0.21863799283154128,0.0,22198.0,22198.0,0.0,0.0,Sunday
2020-01-13,Google Search,Phrase match,128,0,63323.0,494710.9375,1544.4634146341464,0.3203125,0.0,7915.375,7915.375,0.0,0.0,Sunday
2020-01-13,Google Search,Broad match,3,0,1797.0,599000.0,898.5,0.6666666666666666,0.0,0.0,0.0,0.0,0.0,Sunday
2020-01-14,Google Search,Phrase match,109,0,57721.0,529550.4587155964,1443.025,0.3669724770642202,0.0,0.0,0.0,0.0,0.0,Monday
2020-01-14,Search partners,Phrase match,20,0,884.0,44200.0,294.6666666666667,0.15,0.0,0.0,0.0,0.0,0.0,Monday
2020-01-14,Google Search,Broad match,3,0,71.0,23666.66666666667,71.0,0.3333333333333333,0.0,0.0,0.0,0.0,0.0,Monday
2020-01-14,Google Search,Exact match,269,0,35614.0,132394.05204460965,635.9642857142858,0.20817843866171004,0.0,0.0,0.0,0.0,0.0,Monday
2020-01-15,Google Search,Phrase match,99,0,45326.0,457838.38383838383,1030.1363636363637,0.4444444444444444,0.0,0.0,0.0,0.0,0.0,Tuesday
2020-01-15,Google Search,Exact match,222,0,26354.0,118711.71171171172,479.1636363636364,0.2477477477477477,0.0,0.0,0.0,0.0,0.0,Tuesday
2020-01-15,Google Search,Broad match,3,0,2881.0,960333.3333333336,960.3333333333336,1.0,0.0,0.0,0.0,0.0,0.0,Tuesday
2020-01-15,Search partners,Phrase match,19,0,498.0,26210.526315789484,498.0,0.05263157894736842,0.0,0.0,0.0,0.0,0.0,Tuesday
2020-01-16,Search partners,Phrase match,16,0,1446.0,90375.0,1446.0,0.0625,0.0,0.0,0.0,0.0,0.0,Wednesday
2020-01-16,Google Search,Phrase match,148,0,53469.0,361277.02702702704,1048.4117647058822,0.34459459459459457,0.0,0.0,0.0,0.0,0.0,Wednesday
2020-01-16,Google Search,Exact match,294,0,52796.0,179578.23129251704,879.9333333333334,0.20408163265306128,0.0,0.0,0.0,0.0,0.0,Wednesday
2020-01-17,Search partners,Phrase match,27,0,1041.0,38555.55555555556,208.2,0.1851851851851852,0.0,0.0,0.0,0.0,0.0,Thursday
2020-01-17,Google Search,Broad match,6,0,674.0,112333.33333333331,337.0,0.3333333333333333,0.0,0.0,0.0,0.0,0.0,Thursday
2020-01-17,Google Search,Phrase match,143,0,60235.0,421223.77622377616,1136.509433962264,0.3706293706293706,0.0,0.0,0.0,0.0,0.0,Thursday
2020-01-17,Google Search,Exact match,277,0,43333.0,156436.82310469312,610.3239436619717,0.2563176895306859,0.0,0.0,0.0,0.0,0.0,Thursday
2020-01-18,Google Search,Broad match,715,0,662880.0,927104.8951048951,1389.6855345911954,0.6671328671328671,0.0,4910.222222222223,4910.222222222223,0.0,0.0,Friday
2020-01-18,Search partners,Broad match,10,0,10284.0,1028400.0,1469.142857142857,0.7,0.0,3428.0,3428.0,0.0,0.0,Friday
2020-01-18,Search partners,Phrase match,132,0,21674.0,164196.9696969697,985.1818181818179,0.16666666666666666,0.0,1354.625,1354.625,0.0,0.0,Friday
2020-01-18,Search partners,Exact match,65,0,9926.0,152707.69230769225,902.3636363636364,0.16923076923076924,0.0,0.0,0.0,0.0,0.0,Friday
2020-01-18,Google Search,Phrase match,1360,0,990723.0,728472.794117647,1176.6306413301666,0.6191176470588236,0.0,2790.769014084507,2790.769014084507,0.0,0.0,Friday
2020-01-18,Google Search,Exact match,2154,0,553316.0,256878.3658310121,613.4323725055432,0.41875580315691735,0.0,874.1169036334912,874.1169036334912,0.0,0.0,Friday
2020-01-19,Search partners,Phrase match,124,0,10106.0,81500.0,439.39130434782606,0.18548387096774194,0.0,3368.666666666666,3368.666666666666,0.0,0.0,Saturday
2020-01-19,Google Search,Exact match,4788,0,598188.0,124934.83709273186,267.6456375838926,0.4667919799498747,0.0,514.3490971625107,514.3490971625107,0.0,0.0,Saturday
2020-01-19,Google Search,Phrase match,2385,0,885439.0,371253.249475891,677.9777947932619,0.5475890985324947,295146.33333333326,1564.3798586572436,1556.1318101933216,1250.7117403751915,1.844767999749277,Saturday
2020-01-19,Google Search,Broad match,1859,0,745485.0,401013.986013986,675.8703535811424,0.593329747175901,0.0,3080.51652892562,3080.51652892562,0.0,0.0,Saturday
2020-01-19,Search partners,Broad match,45,0,9991.0,222022.22222222228,832.5833333333335,0.26666666666666666,0.0,0.0,0.0,0.0,0.0,Saturday
2020-01-19,Search partners,Exact match,144,0,3238.0,22486.111111111117,294.3636363636364,0.0763888888888889,0.0,249.0769230769231,249.0769230769231,0.0,0.0,Saturday
2020-01-20,Search partners,Phrase match,8,0,119.0,14875.0,119.0,0.125,0.0,0.0,0.0,0.0,0.0,Sunday
2020-01-20,Google Search,Exact match,164,0,13154.0,80207.31707317074,305.90697674418607,0.2621951219512195,0.0,346.15789473684214,346.15789473684214,0.0,0.0,Sunday
2020-01-20,Google Search,Broad match,184,0,70323.0,382190.2173913044,689.4411764705882,0.5543478260869565,0.0,2009.2285714285715,2009.2285714285715,0.0,0.0,Sunday
2020-01-20,Google Search,Phrase match,169,0,62024.0,367005.9171597633,620.24,0.591715976331361,0.0,2584.333333333333,2584.333333333333,0.0,0.0,Sunday
2020-01-30,Google Search,Exact match,13692,0,168961.0,12340.125620800469,417.18765432098763,0.02957931638913234,0.0,550.3615635179153,550.3615635179153,0.0,0.0,Wednesday
2020-01-30,Google Search,Phrase match,285,0,481463.0,1689343.8596491232,1957.166666666667,0.8631578947368421,0.0,7765.532258064517,7765.532258064517,0.0,0.0,Wednesday
2020-01-30,Search partners,Phrase match,12,0,4716.0,393000.0,471.6,0.8333333333333334,0.0,943.2,943.2,0.0,0.0,Wednesday
2020-01-30,Google Search,Broad match,55,0,49960.0,908363.6363636364,1161.860465116279,0.7818181818181819,0.0,3843.0769230769233,3843.0769230769233,0.0,0.0,Wednesday
2020-01-31,Search partners,Phrase match,11,0,1211.0,110090.9090909091,302.75,0.3636363636363637,0.0,0.0,0.0,0.0,0.0,Thursday
2020-01-31,Search partners,Broad match,1,0,217.0,217000.0,217.0,1.0,0.0,0.0,0.0,0.0,0.0,Thursday
2020-01-31,Google Search,Phrase match,501,0,428844.0,855976.0479041919,1108.1240310077521,0.7724550898203593,0.0,2998.909090909091,2998.909090909091,0.0,0.0,Thursday
2020-01-31,Google Search,Exact match,18113,0,195034.0,10767.62546237509,420.33189655172407,0.02561696019433556,0.0,557.24,557.24,0.0,0.0,Thursday
2020-01-31,Google Search,Broad match,97,0,79874.0,823443.2989690722,1124.9859154929582,0.7319587628865979,0.0,3630.636363636364,3630.636363636364,0.0,0.0,Thursday
2020-01-01,Google Search,Broad match,120,0,80882.0,674016.6666666667,888.8131868131868,0.7583333333333333,0.0,2128.4736842105262,2128.4736842105262,0.0,0.0,Tuesday
2020-01-01,Google Search,Phrase match,716,0,485586.0,678192.7374301676,911.0431519699812,0.744413407821229,0.0,2997.4444444444453,2997.4444444444453,0.0,0.0,Tuesday
2020-01-01,Google Search,Exact match,19468,0,141102.0,7247.893979864393,288.5521472392638,0.025118142592973083,0.0,399.72237960339953,399.72237960339953,0.0,0.0,Tuesday
2020-01-01,Search partners,Phrase match,15,0,3995.0,266333.3333333334,570.7142857142858,0.4666666666666667,0.0,799.0,799.0,0.0,0.0,Tuesday
2020-01-01,Content,Broad match,43,0,44.0,1023.2558139534883,44.0,0.02325581395348837,0.0,0.0,0.0,0.0,0.0,Tuesday
2020-01-01,Search partners,Exact match,554,0,228.0,411.5523465703971,76.0,0.005415162454873646,0.0,28.5,28.5,0.0,0.0,Tuesday
2020-01-02,Google Search,Exact match,14623,0,152285.0,10414.073719483007,357.4765258215963,0.029132189017301517,0.0,392.4871134020618,392.4871134020618,0.0,0.0,Wednesday
2020-01-02,Google Search,Phrase match,825,0,468050.0,567333.3333333335,878.1425891181989,0.6460606060606061,0.0,2476.4550264550267,2476.4550264550267,0.0,0.0,Wednesday
2020-01-02,Google Search,Broad match,222,0,92810.0,418063.06306306313,631.3605442176871,0.6621621621621622,0.0,1718.7037037037037,1718.7037037037037,0.0,0.0,Wednesday
2020-01-02,Search partners,Phrase match,2,0,580.0,290000.0,290.0,1.0,0.0,116.0,116.0,0.0,0.0,Wednesday
2020-01-03,Google Search,Phrase match,895,0,435076.0,486118.43575419,786.755877034358,0.617877094972067,0.0,2685.654320987654,2685.654320987654,0.0,0.0,Thursday
2020-01-03,Google Search,Broad match,233,0,97793.0,419712.4463519313,688.6830985915492,0.6094420600858369,0.0,1657.5084745762713,1657.5084745762713,0.0,0.0,Thursday
2020-01-03,Search partners,Exact match,98,0,1166.0,11897.959183673467,583.0,0.020408163265306117,0.0,0.0,0.0,0.0,0.0,Thursday
2020-01-03,Search partners,Phrase match,35,0,3657.0,104485.71428571428,281.30769230769226,0.3714285714285713,0.0,731.4,731.4,0.0,0.0,Thursday
2020-01-03,Google Search,Exact match,10656,0,181664.0,17048.048048048047,378.4666666666667,0.045045045045045036,0.0,539.0623145400593,539.0623145400593,0.0,0.0,Thursday
2020-01-03,Search partners,Broad match,1,0,418.0,418000.0,418.0,1.0,0.0,0.0,0.0,0.0,0.0,Thursday
2020-01-04,Google Search,Broad match,344,0,116506.0,338680.2325581396,697.6407185628743,0.4854651162790698,0.0,1792.4,1792.4,0.0,0.0,Friday
2020-01-04,Google Search,Exact match,34114,0,400176.0,11730.550507123176,445.1345939933259,0.02635281702526822,0.0,578.2890173410402,578.2890173410402,0.0,0.0,Friday
2020-01-04,Search partners,Phrase match,53,0,3474.0,65547.16981132075,347.4,0.18867924528301888,0.0,1158.0,1158.0,0.0,0.0,Friday
2020-01-04,Google Search,Phrase match,1210,0,432135.0,357136.36363636365,616.4550641940086,0.5793388429752067,0.0,2139.282178217821,2139.282178217821,0.0,0.0,Friday
2020-01-04,Search partners,Exact match,759,0,134.0,176.54808959156784,44.66666666666666,0.003952569169960474,0.0,44.66666666666666,44.66666666666666,0.0,0.0,Friday
2020-01-04,Search partners,Broad match,3,0,869.0,289666.66666666674,434.5,0.6666666666666666,0.0,0.0,0.0,0.0,0.0,Friday
2020-01-05,Content,Broad match,19,0,88.0,4631.578947368423,88.0,0.05263157894736842,0.0,0.0,0.0,0.0,0.0,Saturday
2020-01-05,Google Search,Broad match,370,0,127977.0,345883.7837837838,703.1703296703297,0.4918918918918919,0.0,1968.8769230769226,1968.8769230769226,0.0,0.0,Saturday
2020-01-05,Search partners,Exact match,608,0,437.0,718.75,145.66666666666666,0.004934210526315789,0.0,0.0,0.0,0.0,0.0,Saturday
2020-01-05,Google Search,Phrase match,1432,0,441338.0,308196.9273743017,560.0736040609137,0.5502793296089385,0.0,1838.908333333333,1838.908333333333,0.0,0.0,Saturday
2020-01-05,Search partners,Phrase match,92,0,5137.0,55836.95652173913,395.15384615384613,0.14130434782608695,0.0,1027.4,1027.4,0.0,0.0,Saturday
2020-01-05,Google Search,Exact match,33471,0,417447.0,12471.901048668999,443.1496815286623,0.02814376624540647,0.0,454.7352941176471,454.7352941176471,0.0,0.0,Saturday
2020-01-05,Search partners,Broad match,1,0,510.0,510000.0,255.0,2.0,0.0,0.0,0.0,0.0,0.0,Saturday
2020-01-06,Search partners,Broad match,6,0,1627.0,271166.6666666666,325.4,0.8333333333333334,0.0,325.4,325.4,0.0,0.0,Sunday
2020-01-06,Google Search,Exact match,37165,0,371202.0,9987.945647786895,414.2879464285714,0.024108704426207453,0.0,494.2769640479361,494.2769640479361,0.0,0.0,Sunday
2020-01-06,Google Search,Phrase match,1494,0,426120.0,285220.88353413646,565.8964143426294,0.5040160642570282,0.0,1549.5272727272727,1549.5272727272727,0.0,0.0,Sunday
2020-01-06,Google Search,Broad match,333,0,83534.0,250852.85285285284,549.5657894736842,0.4564564564564565,0.0,1942.6511627906973,1942.6511627906973,0.0,0.0,Sunday
2020-01-06,Search partners,Exact match,992,0,393.0,396.16935483870964,131.0,0.0030241935483870967,0.0,78.6,78.6,0.0,0.0,Sunday
2020-01-06,Search partners,Phrase match,238,0,12661.0,53197.47899159664,452.1785714285714,0.1176470588235294,0.0,791.3125,791.3125,0.0,0.0,Sunday
2020-01-07,Google Search,Exact match,35117,0,390063.0,11107.526269328248,408.87106918238993,0.027166329697867128,0.0,520.7783711615489,520.7783711615489,0.0,0.0,Monday
2020-01-07,Google Search,Broad match,480,0,147440.0,307166.66666666674,569.2664092664093,0.5395833333333333,0.0,1602.608695652174,1602.608695652174,0.0,0.0,Monday
2020-01-07,Search partners,Phrase match,178,0,11670.0,65561.79775280897,353.6363636363636,0.1853932584269663,0.0,2334.0,2334.0,0.0,0.0,Monday
2020-01-07,Search partners,Exact match,417,0,616.0,1477.2182254196646,205.3333333333333,0.007194244604316547,0.0,205.3333333333333,205.3333333333333,0.0,0.0,Monday
2020-01-07,Search partners,Broad match,9,0,2767.0,307444.44444444444,691.75,0.4444444444444444,0.0,0.0,0.0,0.0,0.0,Monday
2020-01-07,Content,Broad match,35,0,91.0,2599.9999999999995,30.33333333333333,0.08571428571428573,0.0,0.0,0.0,0.0,0.0,Monday
2020-01-07,Google Search,Phrase match,1304,0,384237.0,294660.2760736196,555.2557803468209,0.5306748466257669,0.0,1167.8936170212767,1167.8936170212767,0.0,0.0,Monday
2020-01-08,Google Search,Exact match,43958,0,364958.0,8302.425042085628,365.32332332332334,0.02272623868237864,0.0,438.65144230769226,438.65144230769226,0.0,0.0,Tuesday
2020-01-08,Search partners,Exact match,636,0,506.0,795.5974842767296,126.5,0.006289308176100629,0.0,168.66666666666666,168.66666666666666,0.0,0.0,Tuesday
2020-01-08,Content,Broad match,70,0,144.0,2057.142857142857,144.0,0.014285714285714284,0.0,0.0,0.0,0.0,0.0,Tuesday
2020-01-08,Google Search,Phrase match,1564,0,395436.0,252836.31713554988,481.0656934306569,0.5255754475703325,0.0,2007.2893401015228,2007.2893401015228,0.0,0.0,Tuesday
2020-01-08,Search partners,Phrase match,103,0,5791.0,56223.30097087379,275.7619047619048,0.20388349514563106,0.0,0.0,0.0,0.0,0.0,Tuesday
2020-01-08,Search partners,Broad match,8,0,771.0,96375.0,385.5,0.25,0.0,0.0,0.0,0.0,0.0,Tuesday
2020-01-08,Google Search,Broad match,625,0,161945.0,259112.0,570.2288732394367,0.4544,0.0,1951.1445783132529,1951.1445783132529,0.0,0.0,Tuesday
2020-01-09,Search partners,Phrase match,87,0,9731.0,111850.57471264368,512.1578947368421,0.2183908045977012,0.0,1946.2,1946.2,0.0,0.0,Wednesday
2020-01-09,Content,Broad match,65,0,62.0,953.8461538461536,20.666666666666668,0.04615384615384616,0.0,0.0,0.0,0.0,0.0,Wednesday
2020-01-09,Google Search,Broad match,734,0,165352.0,225275.20435967305,471.0883190883191,0.4782016348773842,0.0,1401.2881355932202,1401.2881355932202,0.0,0.0,Wednesday
2020-01-09,Google Search,Phrase match,1397,0,375483.0,268778.09591982816,500.644,0.5368647100930566,0.0,1048.8351955307264,1048.8351955307264,0.0,0.0,Wednesday
2020-01-09,Search partners,Exact match,851,0,690.0,810.8108108108107,138.0,0.005875440658049354,0.0,138.0,138.0,0.0,0.0,Wednesday
2020-01-09,Search partners,Broad match,9,0,1063.0,118111.11111111115,265.75,0.4444444444444444,0.0,0.0,0.0,0.0,0.0,Wednesday
2020-01-09,Google Search,Exact match,52791,0,372176.0,7049.989581557465,349.7894736842105,0.020154950654467617,0.0,423.8906605922551,423.8906605922551,0.0,0.0,Wednesday
2020-01-10,Search partners,Phrase match,195,0,7676.0,39364.10256410256,232.6060606060606,0.16923076923076924,0.0,590.4615384615385,590.4615384615385,0.0,0.0,Thursday
2020-01-10,Search partners,Exact match,862,0,74.0,85.84686774941996,74.0,0.001160092807424594,0.0,24.66666666666667,24.66666666666667,0.0,0.0,Thursday
2020-01-10,Google Search,Exact match,58701,0,416516.0,7095.552034888673,341.4065573770492,0.02078329159639529,0.0,415.68463073852297,415.68463073852297,0.0,0.0,Thursday
2020-01-10,Search partners,Broad match,15,0,1171.0,78066.66666666669,292.75,0.26666666666666666,0.0,234.2,234.2,0.0,0.0,Thursday
2020-01-10,Google Search,Phrase match,2260,0,416050.0,184092.92035398234,394.7343453510437,0.4663716814159292,0.0,1546.6542750929368,1546.6542750929368,0.0,0.0,Thursday
2020-01-10,Google Search,Broad match,751,0,149283.0,198778.96138482023,489.4524590163935,0.4061251664447403,0.0,1265.1101694915253,1265.1101694915253,0.0,0.0,Thursday
2020-01-11,Search partners,Exact match,382,0,167.0,437.1727748691099,167.0,0.002617801047120419,0.0,0.0,0.0,0.0,0.0,Friday
2020-01-11,Google Search,Broad match,802,0,141359.0,176258.10473815462,489.1314878892732,0.3603491271820449,0.0,1285.0818181818186,1285.0818181818186,0.0,0.0,Friday
2020-01-11,Google Search,Phrase match,2085,0,390028.0,187063.78896882496,412.7280423280423,0.4532374100719425,0.0,1326.625850340136,1326.625850340136,0.0,0.0,Friday
2020-01-11,Content,Broad match,36,0,23.0,638.8888888888888,23.0,0.027777777777777776,0.0,0.0,0.0,0.0,0.0,Friday
2020-01-11,Search partners,Broad match,12,0,1615.0,134583.3333333333,323.0,0.4166666666666667,0.0,146.8181818181818,146.8181818181818,0.0,0.0,Friday
2020-01-11,Google Search,Exact match,55069,0,410353.0,7451.6152463273365,372.7093551316984,0.01999309956599902,0.0,395.71166827386696,395.71166827386696,0.0,0.0,Friday
2020-01-11,Search partners,Phrase match,171,0,9173.0,53643.27485380117,339.7407407407407,0.15789473684210525,0.0,3057.666666666666,3057.666666666666,0.0,0.0,Friday
2020-01-12,Google Search,Exact match,57894,0,410632.0,7092.824817770409,391.45090562440424,0.01811932151863751,0.0,422.4609053497941,422.4609053497941,0.0,0.0,Saturday
2020-01-12,Search partners,Broad match,16,0,2338.0,146125.0,389.66666666666674,0.375,0.0,212.54545454545453,212.54545454545453,0.0,0.0,Saturday
2020-01-12,Search partners,Phrase match,233,0,12761.0,54768.240343347636,335.8157894736842,0.1630901287553648,0.0,671.6315789473684,671.6315789473684,0.0,0.0,Saturday
2020-01-12,Search partners,Exact match,483,0,1700.0,3519.6687370600416,283.3333333333333,0.012422360248447204,0.0,566.6666666666666,566.6666666666666,0.0,0.0,Saturday
2020-01-12,Google Search,Broad match,758,0,172496.0,227567.2823218997,567.421052631579,0.40105540897097625,0.0,1358.236220472441,1358.236220472441,0.0,0.0,Saturday
2020-01-12,Google Search,Phrase match,1933,0,439923.0,227585.61821003625,494.2955056179776,0.4604242110708743,0.0,1383.4056603773583,1383.4056603773583,0.0,0.0,Saturday
2020-01-13,Search partners,Broad match,10,0,397.0,39700.0,397.0,0.1,0.0,0.0,0.0,0.0,0.0,Sunday
2020-01-13,Content,Broad match,83,0,184.0,2216.867469879518,46.0,0.04819277108433735,0.0,0.0,0.0,0.0,0.0,Sunday
2020-01-13,Google Search,Exact match,44792,0,392958.0,8772.950526879798,371.41587901701325,0.023620289337381674,0.0,570.3309143686503,570.3309143686503,0.0,0.0,Sunday
2020-01-13,Google Search,Phrase match,2005,0,396921.0,197965.58603491273,436.1769230769231,0.4538653366583541,0.0,1820.738532110092,1820.738532110092,0.0,0.0,Sunday
2020-01-13,Search partners,Phrase match,192,0,7700.0,40104.16666666666,308.0,0.13020833333333334,0.0,962.5,962.5,0.0,0.0,Sunday
2020-01-13,Search partners,Exact match,570,0,522.0,915.7894736842106,104.4,0.008771929824561403,0.0,0.0,0.0,0.0,0.0,Sunday
2020-01-13,Google Search,Broad match,587,0,160471.0,273374.7870528109,677.0928270042193,0.403747870528109,0.0,1981.123456790124,1981.123456790124,0.0,0.0,Sunday
2020-01-14,Google Search,Phrase match,2082,0,398423.0,191365.51392891453,394.47821782178215,0.4851104707012488,0.0,1164.9795321637428,1164.9795321637428,0.0,0.0,Monday
2020-01-14,Google Search,Broad match,607,0,111987.0,184492.58649093905,484.7922077922077,0.3805601317957166,0.0,1722.8769230769226,1722.8769230769226,0.0,0.0,Monday
2020-01-14,Search partners,Broad match,18,0,1126.0,62555.555555555555,281.5,0.2222222222222222,0.0,375.33333333333326,375.33333333333326,0.0,0.0,Monday
2020-01-14,Search partners,Phrase match,233,0,11156.0,47879.828326180264,348.625,0.13733905579399142,0.0,587.1578947368423,587.1578947368423,0.0,0.0,Monday
2020-01-14,Google Search,Exact match,58049,0,423917.0,7302.744233320126,327.8553750966744,0.022274285517407708,0.0,416.4214145383104,416.4214145383104,0.0,0.0,Monday
2020-01-14,Search partners,Exact match,347,0,1208.0,3481.2680115273765,151.0,0.023054755043227664,0.0,241.6,241.6,0.0,0.0,Monday
2020-01-15,Google Search,Phrase match,2160,0,443924.0,205520.3703703704,424.8076555023923,0.4837962962962963,0.0,1257.5750708215296,1257.5750708215296,0.0,0.0,Tuesday
2020-01-15,Search partners,Broad match,4,0,568.0,142000.0,568.0,0.25,0.0,0.0,0.0,0.0,0.0,Tuesday
2020-01-15,Search partners,Phrase match,178,0,6953.0,39061.79775280899,278.12,0.1404494382022472,0.0,257.51851851851853,257.51851851851853,0.0,0.0,Tuesday
2020-01-15,Content,Broad match,40,0,152.0,3800.0,76.0,0.05,0.0,0.0,0.0,0.0,0.0,Tuesday
2020-01-15,Google Search,Exact match,44551,0,408558.0,9170.56856187291,378.99628942486083,0.024196987721936656,0.0,436.02774813233725,436.02774813233725,0.0,0.0,Tuesday
2020-01-15,Google Search,Broad match,465,0,92507.0,198939.78494623656,531.6494252873564,0.3741935483870968,0.0,1622.9298245614034,1622.9298245614034,0.0,0.0,Tuesday
2020-01-16,Google Search,Broad match,714,0,109835.0,153830.53221288515,411.3670411985019,0.3739495798319328,0.0,784.5357142857142,784.5357142857142,0.0,0.0,Wednesday
2020-01-16,Search partners,Exact match,91,0,581.0,6384.615384615385,193.66666666666663,0.03296703296703297,0.0,116.2,116.2,0.0,0.0,Wednesday
2020-01-16,Search partners,Broad match,24,0,1694.0,70583.33333333331,282.3333333333333,0.25,0.0,0.0,0.0,0.0,0.0,Wednesday
2020-01-16,Google Search,Phrase match,1857,0,306926.0,165280.56004308024,379.389369592089,0.4356488960689284,0.0,1227.704,1227.704,0.0,0.0,Wednesday
2020-01-16,Search partners,Phrase match,205,0,7268.0,35453.65853658537,250.6206896551724,0.14146341463414633,0.0,908.5,908.5,0.0,0.0,Wednesday
2020-01-16,Google Search,Exact match,50353,0,386662.0,7679.0260759041175,388.6050251256281,0.01976049093400592,0.0,434.9403824521936,434.9403824521936,0.0,0.0,Wednesday
2020-01-17,Google Search,Exact match,54635,0,400675.0,7333.668893566396,371.339202965709,0.019749244989475608,0.0,478.1324582338903,478.1324582338903,0.0,0.0,Thursday
2020-01-17,Google Search,Broad match,731,0,120594.0,164971.27222982218,427.63829787234044,0.3857729138166895,0.0,648.3548387096773,648.3548387096773,0.0,0.0,Thursday
2020-01-17,Search partners,Phrase match,247,0,11480.0,46477.73279352226,337.64705882352945,0.13765182186234814,0.0,1435.0,1435.0,0.0,0.0,Thursday
2020-01-17,Content,Broad match,62,0,287.0,4629.032258064516,71.75,0.06451612903225806,0.0,0.0,0.0,0.0,0.0,Thursday
2020-01-17,Google Search,Phrase match,2209,0,414957.0,187848.34766862832,421.27614213197967,0.4459031235853328,0.0,1115.475806451613,1115.475806451613,0.0,0.0,Thursday
2020-01-17,Search partners,Exact match,456,0,291.0,638.1578947368421,97.0,0.006578947368421052,0.0,0.0,0.0,0.0,0.0,Thursday
2020-01-17,Search partners,Broad match,17,0,1349.0,79352.94117647059,337.25,0.2352941176470588,0.0,0.0,0.0,0.0,0.0,Thursday
2020-01-18,Google Search,Phrase match,2203,0,429098.0,194778.9378120745,454.0719576719577,0.4289605083976396,0.0,1054.2948402948402,1054.2948402948402,0.0,0.0,Friday
2020-01-18,Google Search,Broad match,827,0,171428.0,207288.99637243047,575.2617449664431,0.3603385731559855,0.0,1198.7972027972028,1198.7972027972028,0.0,0.0,Friday
2020-01-18,Search partners,Phrase match,236,0,9557.0,40495.762711864416,258.29729729729735,0.15677966101694915,0.0,434.4090909090909,434.4090909090909,0.0,0.0,Friday
2020-01-18,Search partners,Broad match,15,0,1363.0,90866.66666666669,272.6,0.3333333333333333,0.0,0.0,0.0,0.0,0.0,Friday
2020-01-18,Google Search,Exact match,74420,0,412963.0,5549.086267132491,390.6934720908232,0.014203171190540178,0.0,443.093347639485,443.093347639485,0.0,0.0,Friday
2020-01-18,Search partners,Exact match,810,0,725.0,895.0617283950618,120.83333333333331,0.007407407407407408,0.0,145.0,145.0,0.0,0.0,Friday
2020-01-19,Search partners,Exact match,688,0,725.0,1053.779069767442,120.83333333333331,0.008720930232558141,0.0,0.0,0.0,0.0,0.0,Saturday
2020-01-19,Content,Broad match,93,0,298.0,3204.301075268817,59.6,0.053763440860215055,0.0,0.0,0.0,0.0,0.0,Saturday
2020-01-19,Google Search,Exact match,55480,0,400373.0,7216.528478731076,367.651974288338,0.01962869502523432,133457.6666666667,449.3524130190797,447.84451901565996,296.5056517456382,0.8064845899973275,Saturday
2020-01-19,Search partners,Phrase match,317,0,6112.0,19280.7570977918,277.8181818181818,0.0694006309148265,0.0,2037.333333333333,2037.333333333333,0.0,0.0,Saturday
2020-01-19,Google Search,Phrase match,1877,0,397273.0,211653.16995205122,554.8505586592179,0.3814597762386787,0.0,1351.268707482993,1351.268707482993,0.0,0.0,Saturday
2020-01-19,Search partners,Broad match,17,0,1377.0,81000.0,459.0,0.17647058823529413,0.0,459.0,459.0,0.0,0.0,Saturday
2020-01-19,Google Search,Broad match,746,0,141014.0,189026.80965147453,568.6048387096773,0.3324396782841823,0.0,1165.404958677686,1165.404958677686,0.0,0.0,Saturday
2020-01-20,Google Search,Exact match,136968,0,1006212.0,7346.329069563694,445.6209034543844,0.01648560247649086,0.0,510.50837138508376,510.50837138508376,0.0,0.0,Sunday
2020-01-20,Search partners,Exact match,1731,0,883.0,510.10976314269203,88.3,0.005777007510109763,0.0,55.1875,55.1875,0.0,0.0,Sunday
2020-01-20,Search partners,Broad match,12,0,1726.0,143833.33333333337,431.5,0.3333333333333333,0.0,0.0,0.0,0.0,0.0,Sunday
2020-01-20,Google Search,Broad match,727,0,163881.0,225420.9078404402,658.1566265060243,0.3425034387895461,0.0,2101.0384615384614,2101.0384615384614,0.0,0.0,Sunday
2020-01-20,Google Search,Phrase match,2080,0,391171.0,188062.98076923078,479.3762254901961,0.3923076923076923,0.0,1330.5136054421769,1330.5136054421769,0.0,0.0,Sunday
2020-01-20,Content,Broad match,289,0,481.0,1664.3598615916956,48.1,0.034602076124567484,0.0,0.0,0.0,0.0,0.0,Sunday
2020-01-20,Search partners,Phrase match,233,0,10333.0,44347.639484978536,356.3103448275862,0.12446351931330472,0.0,469.6818181818182,469.6818181818182,0.0,0.0,Sunday
2020-01-21,Search partners,Broad match,85,0,2299.0,27047.058823529413,287.375,0.09411764705882353,0.0,0.0,0.0,0.0,0.0,Monday
2020-01-21,Search partners,Phrase match,212,0,10515.0,49599.056603773584,339.1935483870968,0.14622641509433962,0.0,3505.0,3505.0,0.0,0.0,Monday
2020-01-21,Search partners,Exact match,1859,0,2918.0,1569.6611081226465,138.95238095238096,0.011296395911780529,0.0,224.4615384615384,224.4615384615384,0.0,0.0,Monday
2020-01-21,Google Search,Broad match,826,0,185397.0,224451.5738498789,669.3032490974729,0.3353510895883777,0.0,1404.5227272727273,1404.5227272727273,0.0,0.0,Monday
2020-01-21,Content,Broad match,321,0,255.0,794.3925233644859,85.0,0.009345794392523364,0.0,0.0,0.0,0.0,0.0,Monday
2020-01-21,Google Search,Phrase match,1943,0,384188.0,197729.2846114256,491.2890025575448,0.4024704065877509,0.0,1251.42671009772,1251.42671009772,0.0,0.0,Monday
2020-01-21,Google Search,Exact match,142314,0,1011312.0,7106.201779164384,444.923889133304,0.015971724496535833,0.0,494.0459208597948,494.0459208597948,0.0,0.0,Monday
2020-01-22,Content,Broad match,629,0,1059.0,1683.6248012718604,75.64285714285717,0.022257551669316374,0.0,0.0,0.0,0.0,0.0,Tuesday
2020-01-22,Search partners,Exact match,1807,0,1653.0,914.775871610404,150.27272727272728,0.006087437742114001,0.0,330.6,330.6,0.0,0.0,Tuesday
2020-01-22,Google Search,Broad match,774,0,131885.0,170394.05684754526,533.9473684210526,0.31912144702842377,0.0,1198.9545454545455,1198.9545454545455,0.0,0.0,Tuesday
2020-01-22,Google Search,Phrase match,1976,0,419606.0,212351.2145748988,493.0740305522914,0.430668016194332,0.0,1275.398176291793,1275.398176291793,0.0,0.0,Tuesday
2020-01-22,Google Search,Exact match,157005,0,1013752.0,6456.813477277794,438.09507346585997,0.014738384127894015,0.0,515.6419125127162,515.6419125127162,0.0,0.0,Tuesday
2020-01-22,Search partners,Broad match,10,0,1245.0,124500.0,415.0,0.3,0.0,0.0,0.0,0.0,0.0,Tuesday
2020-01-22,Search partners,Phrase match,206,0,7617.0,36975.728155339806,331.17391304347825,0.1116504854368932,0.0,692.4545454545455,692.4545454545455,0.0,0.0,Tuesday
2020-01-23,Google Search,Exact match,154868,0,1039651.0,6713.142805485962,459.6158267020336,0.014605987034119378,0.0,525.8730399595346,525.8730399595346,0.0,0.0,Wednesday
2020-01-23,Google Search,Broad match,777,0,162186.0,208733.59073359074,581.3118279569892,0.3590733590733591,0.0,1398.155172413793,1398.155172413793,0.0,0.0,Wednesday
2020-01-23,Content,Broad match,649,0,429.0,661.0169491525422,53.625,0.012326656394453005,0.0,0.0,0.0,0.0,0.0,Wednesday
2020-01-23,Search partners,Phrase match,179,0,5155.0,28798.88268156425,303.2352941176472,0.09497206703910614,0.0,322.1875,322.1875,0.0,0.0,Wednesday
2020-01-23,Search partners,Broad match,18,0,549.0,30500.000000000004,274.5,0.1111111111111111,0.0,0.0,0.0,0.0,0.0,Wednesday
2020-01-23,Google Search,Phrase match,1903,0,391161.0,205549.6584340515,465.66785714285714,0.441408302679979,0.0,1222.378125,1222.378125,0.0,0.0,Wednesday
2020-01-23,Search partners,Exact match,1584,0,2861.0,1806.1868686868688,238.41666666666663,0.007575757575757577,0.0,178.8125,178.8125,0.0,0.0,Wednesday
2020-01-24,Content,Broad match,639,0,1011.0,1582.1596244131454,84.25,0.01877934272300469,0.0,0.0,0.0,0.0,0.0,Thursday
2020-01-24,Google Search,Phrase match,2269,0,456716.0,201285.1476421331,514.8996617812852,0.3909211106214192,0.0,1379.8066465256795,1379.8066465256795,0.0,0.0,Thursday
2020-01-24,Google Search,Broad match,912,0,156627.0,171740.13157894733,523.8361204013378,0.32785087719298245,0.0,2526.2419354838707,2526.2419354838707,0.0,0.0,Thursday
2020-01-24,Google Search,Exact match,167001,0,994560.0,5955.41344063808,451.2522686025408,0.013197525763318785,331520.0,474.7303102625298,474.0514775977121,716.5618253126137,1.5879406601803814,Thursday
2020-01-24,Search partners,Phrase match,202,0,5946.0,29435.64356435644,258.52173913043475,0.11386138613861388,0.0,0.0,0.0,0.0,0.0,Thursday
2020-01-24,Search partners,Exact match,1188,0,1229.0,1034.5117845117843,136.55555555555554,0.007575757575757577,0.0,111.72727272727272,111.72727272727272,0.0,0.0,Thursday
2020-01-24,Search partners,Broad match,87,0,2058.0,23655.172413793105,228.66666666666663,0.10344827586206896,0.0,0.0,0.0,0.0,0.0,Thursday
2020-01-25,Search partners,Broad match,33,0,1915.0,58030.303030303025,319.1666666666667,0.18181818181818185,0.0,0.0,0.0,0.0,0.0,Friday
2020-01-25,Google Search,Exact match,176632,0,998620.0,5653.675438199194,440.8918322295806,0.012823270981475609,0.0,471.7146905999056,471.7146905999056,0.0,0.0,Friday
2020-01-25,Content,Broad match,651,0,623.0,956.989247311828,89.0,0.010752688172043013,0.0,0.0,0.0,0.0,0.0,Friday
2020-01-25,Search partners,Exact match,1423,0,2363.0,1660.5762473647226,262.5555555555556,0.006324666198172874,0.0,214.8181818181818,214.8181818181818,0.0,0.0,Friday
2020-01-25,Google Search,Phrase match,2258,0,414788.0,183697.07705934453,466.0539325842697,0.3941541186891054,0.0,1039.5689223057643,1039.5689223057643,0.0,0.0,Friday
2020-01-25,Google Search,Broad match,808,0,180166.0,222977.7227722772,619.127147766323,0.36014851485148514,0.0,1857.381443298969,1857.381443298969,0.0,0.0,Friday
2020-01-25,Search partners,Phrase match,250,0,7549.0,30196.0,377.45,0.08,0.0,1509.8,1509.8,0.0,0.0,Friday
2020-01-26,Google Search,Broad match,402,0,47937.0,119246.26865671642,374.5078125,0.31840796019900497,0.0,737.4923076923077,737.4923076923077,0.0,0.0,Saturday
2020-01-26,Google Search,Phrase match,1533,0,183356.0,119606.00130463144,315.5869191049913,0.3789954337899543,0.0,818.5535714285713,818.5535714285713,0.0,0.0,Saturday
2020-01-26,Search partners,Phrase match,159,0,2409.0,15150.943396226416,200.75,0.07547169811320754,0.0,219.0,219.0,0.0,0.0,Saturday
2020-01-26,Search partners,Exact match,1463,0,1503.0,1027.341079972659,214.7142857142857,0.004784688995215311,0.0,115.6153846153846,115.6153846153846,0.0,0.0,Saturday
2020-01-26,Content,Broad match,666,0,803.0,1205.7057057057057,114.71428571428572,0.010510510510510513,0.0,0.0,0.0,0.0,0.0,Saturday
2020-01-26,Google Search,Exact match,168901,0,987850.0,5848.692429292899,456.7036523347203,0.012806318494265872,0.0,521.8436344426835,521.8436344426835,0.0,0.0,Saturday
2020-01-27,Content,Broad match,650,0,137.0,210.7692307692308,27.4,0.007692307692307694,0.0,0.0,0.0,0.0,0.0,Sunday
2020-01-27,Search partners,Broad match,19,0,2585.0,136052.63157894733,517.0,0.2631578947368421,0.0,0.0,0.0,0.0,0.0,Sunday
2020-01-27,Google Search,Exact match,165142,0,1004149.0,6080.5185840064905,449.6860725481416,0.013521696479393492,334716.33333333326,501.0723552894212,500.32336821126063,956.9010705888936,2.127931303646172,Sunday
2020-01-27,Google Search,Phrase match,1874,0,375455.0,200349.51974386332,483.2110682110682,0.41462113127001066,0.0,1438.5249042145592,1438.5249042145592,0.0,0.0,Sunday
2020-01-27,Search partners,Exact match,2111,0,821.0,388.915206063477,164.2,0.00236854571293226,0.0,0.0,0.0,0.0,0.0,Sunday
2020-01-27,Google Search,Broad match,655,0,128224.0,195761.8320610687,628.5490196078432,0.3114503816793893,0.0,2173.2881355932204,2173.2881355932204,0.0,0.0,Sunday
2020-01-27,Search partners,Phrase match,219,0,6708.0,30630.136986301368,279.5,0.1095890410958904,0.0,838.5,838.5,0.0,0.0,Sunday
2020-01-28,Google Search,Broad match,673,0,253893.0,377255.5720653789,1019.6506024096384,0.3699851411589896,0.0,1923.4318181818185,1923.4318181818185,0.0,0.0,Monday
2020-01-28,Search partners,Phrase match,135,0,9595.0,71074.07407407407,399.79166666666674,0.17777777777777778,0.0,1919.0,1919.0,0.0,0.0,Monday
2020-01-28,Content,Broad match,1053,0,1508.0,1432.0987654320984,137.0909090909091,0.010446343779677113,0.0,0.0,0.0,0.0,0.0,Monday
2020-01-28,Search partners,Broad match,6,0,1006.0,167666.66666666663,503.0,0.3333333333333333,0.0,0.0,0.0,0.0,0.0,Monday
2020-01-28,Google Search,Phrase match,1961,0,624244.0,318329.42376338603,652.2925809822361,0.4880163182049975,0.0,1705.584699453552,1705.584699453552,0.0,0.0,Monday
2020-01-28,Google Search,Exact match,201026,0,1036555.0,5156.323062688408,440.89961718417686,0.011695004626267248,345518.33333333326,507.12084148727996,506.37762579384463,105.77399647766909,0.23990494061482506,Monday
2020-01-28,Search partners,Exact match,1396,0,1245.0,891.8338108882523,207.5,0.004297994269340974,0.0,155.625,155.625,0.0,0.0,Monday
2020-01-29,Search partners,Phrase match,88,0,7460.0,84772.72727272728,438.8235294117647,0.19318181818181812,0.0,0.0,0.0,0.0,0.0,Tuesday
2020-01-29,Search partners,Exact match,1664,0,2534.0,1522.8365384615383,211.16666666666663,0.007211538461538463,0.0,93.85185185185185,93.85185185185185,0.0,0.0,Tuesday
2020-01-29,Google Search,Exact match,175307,0,1009233.0,5756.946385483751,474.93317647058814,0.012121592406464087,0.0,528.6710319539026,528.6710319539026,0.0,0.0,Tuesday
2020-01-29,Google Search,Phrase match,1769,0,513144.0,290075.7490107405,613.0752688172042,0.4731486715658565,0.0,2503.141463414634,2503.141463414634,0.0,0.0,Tuesday
2020-01-29,Content,Broad match,1311,0,243.0,185.35469107551486,34.714285714285715,0.005339435545385202,0.0,0.0,0.0,0.0,0.0,Tuesday
2020-01-29,Google Search,Broad match,581,0,177785.0,305998.2788296041,897.9040404040404,0.3407917383820998,0.0,3485.9803921568628,3485.9803921568628,0.0,0.0,Tuesday
2020-01-29,Search partners,Broad match,10,0,867.0,86700.0,433.5,0.2,0.0,0.0,0.0,0.0,0.0,Tuesday
2020-01-30,Google Search,Phrase match,1786,0,422175.0,236380.17917133265,518.6425061425061,0.4557670772676372,0.0,1295.015337423313,1295.015337423313,0.0,0.0,Wednesday
2020-01-30,Google Search,Broad match,686,0,161151.0,234913.9941690962,631.964705882353,0.3717201166180758,0.0,1611.51,1611.51,0.0,0.0,Wednesday
2020-01-30,Search partners,Broad match,17,0,805.0,47352.94117647059,268.33333333333337,0.17647058823529413,0.0,0.0,0.0,0.0,0.0,Wednesday
2020-01-30,Search partners,Exact match,1240,0,1338.0,1079.032258064516,191.14285714285717,0.005645161290322579,0.0,446.0,446.0,0.0,0.0,Wednesday
2020-01-30,Content,Broad match,1078,0,824.0,764.3784786641928,63.384615384615394,0.012059369202226344,0.0,0.0,0.0,0.0,0.0,Wednesday
2020-01-30,Search partners,Phrase match,122,0,10461.0,85745.90163934427,387.4444444444443,0.22131147540983606,0.0,3487.0,3487.0,0.0,0.0,Wednesday
2020-01-30,Google Search,Exact match,169971,0,986715.0,5805.196180524913,452.6215596330275,0.012825717328250113,328905.0,508.0921730175077,507.30848329048837,172.70000510458718,0.3815549688896997,Wednesday
2020-01-31,Google Search,Exact match,200299,0,932143.0,4653.757632339652,411.7239399293286,0.01130310186271524,310714.33333333326,446.0014354066986,445.36215957955085,2304.2989063537984,5.596708577959605,Thursday
2020-01-31,Google Search,Phrase match,2001,0,320454.0,160146.92653673165,389.84671532846716,0.4107946026986507,0.0,982.9877300613498,982.9877300613498,0.0,0.0,Thursday
2020-01-31,Search partners,Phrase match,130,0,2841.0,21853.846153846152,284.1,0.07692307692307693,0.0,568.2,568.2,0.0,0.0,Thursday
2020-01-31,Search partners,Broad match,15,0,1389.0,92600.0,277.8,0.3333333333333333,0.0,0.0,0.0,0.0,0.0,Thursday
2020-01-31,Google Search,Broad match,559,0,103422.0,185012.52236135962,584.3050847457628,0.3166368515205725,0.0,1477.457142857143,1477.457142857143,0.0,0.0,Thursday
2020-01-31,Search partners,Exact match,1928,0,4719.0,2447.6141078838173,224.7142857142857,0.010892116182572614,0.0,174.77777777777786,174.77777777777786,0.0,0.0,Thursday
2020-01-31,Content,Broad match,952,0,1099.0,1154.4117647058822,84.53846153846153,0.01365546218487395,0.0,0.0,0.0,0.0,0.0,Thursday
